customer_id,full_name,total_spent,transaction_count,days_since_registration,avg_order_value
CUST0001,William Manning,11922.68,10,0,441.58074074074074
CUST0002,Margaret Terry,11609.75,8,0,552.8452380952381
CUST0003,Kimberly Boyd,13059.23,8,0,522.3692
CUST0004,Kenneth Wood,14621.24,10,0,487.37466666666666
CUST0005,Rita Perez,17341.58,15,0,394.1268181818182
CUST0006,Jason Mills,17745.57,8,0,591.519
CUST0007,Christopher Burgess,6816.54,7,0,486.8957142857143
CUST0008,Bradley Wright,17230.31,13,0,465.68405405405406
CUST0009,Damon Crawford,26561.83,13,0,647.849512195122
CUST0010,Tyrone Owens,14510.53,9,0,500.36310344827587
CUST0011,Julie Thompson,12341.84,10,0,474.68615384615384
CUST0012,Andrea Lewis,10455.7,8,0,497.8904761904762
CUST0013,Maria Hernandez,12331.53,9,0,425.2251724137931
CUST0014,Mitchell Carlson,11882.9,11,0,321.15945945945947
CUST0015,Rhonda Flynn,12627.73,9,0,360.7922857142857
CUST0016,Jeffrey Reed,20330.57,11,0,521.2966666666666
CUST0017,Gloria Pratt,14297.41,10,0,510.6217857142857
CUST0018,Colleen Willis,11514.29,8,0,479.76208333333335
CUST0019,Sylvia Perez,7425.29,9,0,464.080625
CUST0020,Katrina Perez,4608.36,6,0,329.16857142857145
CUST0021,Joshua Flores,10612.28,9,0,530.614
CUST0022,David Gardner,22548.06,13,0,501.068
CUST0023,Marvin Morales,28441.81,16,0,557.6825490196078
CUST0024,Marie Yang,8362.29,4,0,557.486
CUST0025,Charles Taylor,12224.59,10,0,452.76259259259257
CUST0026,Kyle Curry,22848.5,14,0,439.3942307692308
CUST0027,Renee Tran,11905.62,9,0,410.53862068965515
CUST0028,Hunter Bird,12769.77,10,0,472.95444444444445
CUST0029,Tina Barrera,8911.28,8,0,405.0581818181818
CUST0030,Ross Kramer,19453.28,13,0,555.808
CUST0031,Timothy Maxwell,7780.22,6,0,457.66
CUST0032,Timothy Smith,9594.91,11,0,355.36703703703705
CUST0033,Diana Miller,11389.46,9,0,455.5784
CUST0034,Tiffany Neal,22930.62,14,0,458.6124
CUST0035,Caleb Boyer,16039.1,11,0,471.73823529411766
CUST0036,Nicole Gomez,10680.43,11,0,344.53
CUST0037,Cheyenne Rivas,15577.39,13,0,458.15852941176473
CUST0038,Justin Vargas,18408.99,12,0,472.0253846153846
CUST0039,Carol Simmons,16701.21,11,0,477.17742857142855
CUST0040,Elizabeth Logan,17687.6,13,0,535.9878787878788
CUST0041,Kylie Gonzales,7128.91,7,0,475.2606666666667
CUST0042,David Carlson,19612.37,16,0,502.881282051282
CUST0043,David Paul,10442.13,8,0,474.6422727272727
CUST0044,Suzanne Hess,14426.24,13,0,465.3625806451613
CUST0045,Donna Walker,18926.55,16,0,450.63214285714287
CUST0046,Travis Munoz,12069.46,11,0,402.31533333333334
CUST0047,Danielle Butler,16577.07,9,0,637.5796153846154
CUST0048,Heather Hopkins,16225.39,11,0,463.58257142857144
CUST0049,Justin Foley,6502.3,10,0,433.4866666666667
CUST0050,Cheryl Sutton,5720.43,5,0,476.7025
CUST0051,Michele Sanders,13408.46,10,0,515.71
CUST0052,Richard Vance,14409.23,13,0,436.6433333333333
CUST0053,Teresa Doyle,20491.06,12,0,525.4117948717949
CUST0054,Robert Mcclure,12349.84,9,0,514.5766666666667
CUST0055,Mark Chung,14011.95,10,0,451.9983870967742
CUST0056,Tammy Black,8192.28,6,0,431.17263157894735
CUST0057,Alexander Wise,14128.9,10,0,470.9633333333333
CUST0058,James Johnston,16447.32,12,0,444.52216216216215
CUST0059,Joseph Perez,7843.54,5,0,603.3492307692308
CUST0060,Elizabeth Greene,15130.88,10,0,488.0929032258064
CUST0061,Nathan Malone,15106.89,14,0,431.6254285714286
CUST0062,Yvette Kelly,15798.78,9,0,607.6453846153846
CUST0063,Robert Townsend,15788.89,9,0,584.7737037037037
CUST0064,Logan Jenkins,14735.35,8,0,589.414
CUST0065,Teresa Serrano,25493.36,15,0,566.5191111111111
CUST0066,David White,13972.23,11,0,481.8010344827586
CUST0067,Ryan Benjamin,16774.52,10,0,465.9588888888889
CUST0068,Lori Jordan,22812.93,17,0,438.7101923076923
CUST0069,Matthew Wells,12111.45,11,0,378.4828125
CUST0070,Kristen Molina,16127.66,11,0,556.1262068965517
CUST0071,Mark Schmitt,13999.32,9,0,636.3327272727273
CUST0072,Melissa Hartman,11073.22,8,0,503.3281818181818
CUST0073,Jillian Barber,10642.72,10,0,394.1748148148148
CUST0074,Brenda Torres,13898.31,7,0,661.8242857142857
CUST0075,Steven Lee,9557.25,9,0,415.5326086956522
CUST0076,Kim Smith,14326.16,9,0,511.6485714285714
CUST0077,Monica Alexander,14800.44,10,0,528.5871428571429
CUST0078,Thomas Smith,15204.83,10,0,490.4783870967742
CUST0079,Kara Berry,22613.2,13,0,491.5913043478261
CUST0080,Joseph Ballard,12383.76,11,0,442.27714285714285
CUST0081,Ricky Harris,11965.33,10,0,443.16037037037034
CUST0082,Anthony Aguilar,17689.14,8,0,589.638
CUST0083,John Le,5598.9,5,0,508.9909090909091
CUST0084,Robert Henry,12775.43,9,0,399.2321875
CUST0085,Kevin Ferguson,22342.36,11,0,572.8810256410256
CUST0086,Yolanda Patel,14905.62,8,0,532.3435714285714
CUST0087,Albert Williams,16679.6,10,0,521.2375
CUST0088,Carla Johnson,14564.22,9,0,520.1507142857142
CUST0089,Erin Mooney,9506.62,8,0,413.33130434782606
CUST0090,Daniel Rivera,12548.02,8,0,482.61615384615385
CUST0091,Adrian Pacheco,11118.69,8,0,427.6419230769231
CUST0092,Kevin Greene,31666.94,19,0,487.1836923076923
CUST0093,Kimberly White,14577.79,15,0,355.5558536585366
CUST0094,Jeffery Rodriguez,19051.88,11,0,544.3394285714286
CUST0095,William Stanton,6990.99,7,0,436.936875
CUST0096,Bonnie Thomas,15253.57,13,0,401.40973684210525
CUST0097,Anita Gonzalez,12287.78,11,0,372.3569696969697
CUST0098,Tommy Ayala,6099.65,9,0,381.228125
CUST0099,Donald Valdez,14490.57,11,0,426.19323529411764
CUST0100,Cody Gregory,9264.31,7,0,487.59526315789475
CUST0101,William Cook,24180.2,13,0,604.505
CUST0102,Rachel Rowe,9819.1,9,0,426.9173913043478
CUST0103,Carrie Watts,9323.65,6,0,490.7184210526316
CUST0104,Kelly Stevenson,17805.25,14,0,523.6838235294117
CUST0105,Sara Brown,12726.56,12,0,438.8468965517241
CUST0106,Henry Peters,21924.19,13,0,548.10475
CUST0107,Hannah Perry,14006.31,12,0,500.22535714285715
CUST0108,Todd Zimmerman,21490.0,12,0,488.40909090909093
CUST0109,Meghan Cooley,16354.03,12,0,430.3692105263158
CUST0110,Dale Tyler,11673.07,7,0,486.3779166666667
CUST0111,Kevin Price,15773.9,12,0,492.934375
CUST0112,Andre Holmes,12136.38,10,0,485.4552
CUST0113,Jesse Jackson,7598.77,6,0,399.9352631578947
CUST0114,Mary Howard,15926.97,13,0,513.7732258064516
CUST0115,Lauren Carrillo,12763.54,6,0,531.8141666666667
CUST0116,Cassidy Walters,21735.96,13,0,557.3323076923077
CUST0117,David Evans,12889.86,8,0,402.808125
CUST0118,Donald Adams,22473.95,12,0,548.1451219512195
CUST0119,Elizabeth Stanley,14109.36,10,0,455.1406451612903
CUST0120,Robert Schroeder,19331.07,14,0,439.3425
CUST0121,Jason Sullivan,9272.29,7,0,463.6145
CUST0122,Connor Holt,7570.35,5,0,445.31470588235294
CUST0123,Matthew Kramer,10106.88,8,0,388.72615384615386
CUST0124,Nathan Collins,13941.13,8,0,536.1973076923077
CUST0125,Wendy Rodriguez,14628.94,10,0,541.8125925925926
CUST0126,Jane Hebert,13162.27,9,0,526.4908
CUST0127,Mark Stewart,19207.54,11,0,533.5427777777778
CUST0128,Amy Heath,6215.99,7,0,443.9992857142857
CUST0129,Michael Collins,16382.23,11,0,546.0743333333334
CUST0130,Jeremy Young,6503.13,5,0,406.445625
CUST0131,Megan Conley,23206.28,11,0,527.4154545454545
CUST0132,Anna Clark,9541.49,8,0,433.7040909090909
CUST0133,Anthony Walker,12873.71,8,0,536.4045833333333
CUST0134,John Steele,7128.94,6,0,475.2626666666667
CUST0135,Martin Griffin,19993.5,12,0,526.1447368421053
CUST0136,Gerald Pacheco,15376.48,12,0,415.58054054054054
CUST0137,Jennifer Simpson,3427.23,3,0,571.205
CUST0138,Daniel Ashley,16717.02,14,0,439.9215789473684
CUST0139,Shelly White,21941.09,14,0,510.2579069767442
CUST0140,Sherry Thomas,13850.97,8,0,602.2160869565217
CUST0141,Jason Davis,14876.07,12,0,437.5314705882353
CUST0142,Michael Serrano,13095.67,8,0,503.6796153846154
CUST0143,Jenna Vance,13107.17,10,0,485.45074074074074
CUST0144,Susan Meza,12988.95,8,0,463.8910714285714
CUST0145,Morgan Smith,18297.16,13,0,389.3012765957447
CUST0146,Charlotte Young,10945.78,7,0,475.9034782608696
CUST0147,Leslie Potter,6246.17,7,0,480.4746153846154
CUST0148,Catherine Hall,2044.44,3,0,340.74
CUST0149,Kirk Jones,16498.79,13,0,445.91324324324324
CUST0150,Amanda Edwards,18697.9,11,0,584.309375
CUST0151,Jennifer Rosales,7481.61,6,0,498.774
CUST0152,James Mitchell,10277.05,9,0,395.2711538461538
CUST0153,Kenneth Collier,16666.73,11,0,476.19228571428573
CUST0154,Jonathan Hale,18445.18,9,0,658.7564285714286
CUST0155,Linda French,15148.76,10,0,541.0271428571428
CUST0156,Christopher Cruz,20904.22,10,0,486.1446511627907
CUST0157,Sarah Simpson,16127.41,9,0,488.7093939393939
CUST0158,Donna Levine,18111.2,13,0,464.3897435897436
CUST0159,Mary Walker,12137.27,9,0,674.2927777777778
CUST0160,Lisa Rodriguez,21178.78,13,0,481.33590909090907
CUST0161,Joanne Dixon,14819.96,9,0,569.9984615384616
CUST0162,Lisa Dixon,8618.4,7,0,430.92
CUST0163,Hannah Coleman,19111.95,17,0,398.165625
CUST0164,Sydney Franco,19462.65,12,0,452.61976744186046
CUST0165,Tiffany Cox,11323.33,6,0,514.6968181818182
CUST0166,Sarah Hays,15616.91,10,0,410.9713157894737
CUST0167,Brandon Wilson,11626.34,11,0,553.6352380952382
CUST0168,Leslie Rodriguez,25632.04,15,0,466.0370909090909
CUST0169,Dawn Smith,21585.71,11,0,568.045
CUST0170,Garrett Reilly,14016.73,8,0,500.5975
CUST0171,Elizabeth Scott,7770.18,6,0,457.0694117647059
CUST0172,Shannon Bullock,20975.56,17,0,411.28549019607846
CUST0173,David Dawson,8371.24,6,0,465.06888888888886
CUST0174,Stephen Cochran,9651.29,9,0,402.13708333333335
CUST0175,Olivia Arias,7724.98,4,0,551.7842857142857
CUST0176,Tammy Williams,27319.5,15,0,505.9166666666667
CUST0177,Laura Robles,16175.51,11,0,539.1836666666667
CUST0178,Michael Ellis,19463.7,14,0,486.5925
CUST0179,Angela Browning,4725.09,5,0,393.7575
CUST0180,Monique Taylor,12665.95,12,0,372.52794117647056
CUST0181,William Perry,13853.22,11,0,395.8062857142857
CUST0182,Mitchell Garcia,10830.62,8,0,386.80785714285713
CUST0183,Taylor Cross,6542.32,8,0,363.46222222222224
CUST0184,Deborah Wilson,11134.56,6,0,556.728
CUST0185,Tyrone Valenzuela,7254.82,7,0,403.04555555555555
CUST0186,Michael Singleton,13440.32,9,0,448.0106666666667
CUST0187,Joshua Hall,24457.82,11,0,596.5321951219512
CUST0188,Mariah Martinez,13907.52,12,0,365.9873684210526
CUST0189,Anne Contreras,14667.09,8,0,586.6836
CUST0190,Nicole Hudson,6463.98,5,0,380.23411764705884
CUST0191,Jamie Stewart,9230.17,6,0,384.59041666666667
CUST0192,Andrew Webster,17886.15,13,0,496.8375
CUST0193,Emily Walker,11021.73,9,0,423.9126923076923
CUST0194,Terri Irwin,18603.48,15,0,422.80636363636364
CUST0195,Susan Boyd,11366.79,8,0,454.6716
CUST0196,Joseph Wilson,13233.44,9,0,441.11466666666666
CUST0197,Hannah Gutierrez,8003.64,6,0,666.97
CUST0198,Sharon Mcneil,16057.89,9,0,517.9964516129032
CUST0199,Chelsea Briggs,14231.05,10,0,406.6014285714286
CUST0200,Ronald Benson,18318.4,12,0,482.06315789473683
CUST0201,Daniel Rivers,13267.77,9,0,491.3988888888889
CUST0202,Matthew Graham,16109.51,12,0,460.27171428571427
CUST0203,Kimberly Rogers,16453.89,9,0,567.3755172413793
CUST0204,Stephanie Miller,14073.01,7,0,541.2696153846153
CUST0205,Mark Wilson,10586.47,5,0,661.654375
CUST0206,Kenneth Harper,9587.28,7,0,435.78545454545457
CUST0207,Kerri Harvey,11693.74,9,0,531.5336363636363
CUST0208,Jennifer Olson,4251.04,3,0,531.38
CUST0209,Ann Smith,8607.64,7,0,506.33176470588234
CUST0210,Elizabeth Robinson,15108.27,13,0,408.3316216216216
CUST0211,Carlos Cannon,13084.91,10,0,568.9091304347826
CUST0212,Diana Campbell,5879.18,4,0,452.2446153846154
CUST0213,Brittany Schultz,17748.48,12,0,507.0994285714286
CUST0214,Amy Mcmillan,5197.26,5,0,346.484
CUST0215,Joel Todd,20069.72,13,0,514.6082051282051
CUST0216,Timothy Potts,6855.57,5,0,403.26882352941175
CUST0217,Mary Nguyen,10934.46,11,0,377.05034482758623
CUST0218,Judith Harris,11079.01,7,0,583.1057894736842
CUST0219,Colleen Singleton,16370.76,11,0,496.08363636363634
CUST0220,Angel Sullivan,8564.2,8,0,342.568
CUST0221,Kevin Chambers,22428.04,14,0,477.19234042553194
CUST0222,Timothy Williams,3910.91,4,0,434.54555555555555
CUST0223,James Miller,8110.78,6,0,675.8983333333333
CUST0224,Stacy Pope,15144.29,11,0,582.4726923076923
CUST0225,Thomas Walters,21139.85,18,0,440.4135416666667
CUST0226,Christopher Garrison,11379.26,10,0,392.38827586206895
CUST0227,Karla Hanson,13520.64,9,0,500.76444444444445
CUST0228,Ryan Hernandez,13248.43,9,0,441.6143333333333
CUST0229,Andrea Collins,8911.15,8,0,405.05227272727274
CUST0230,Debra Thomas,7967.4,5,0,497.9625
CUST0231,Nancy Gonzalez,12934.36,9,0,479.0503703703704
CUST0232,Erin Cole,10834.52,7,0,492.47818181818184
CUST0233,Teresa Lee,16945.24,8,0,513.4921212121212
CUST0234,John Johnson,18970.43,14,0,421.5651111111111
CUST0235,Dawn Thompson,9306.19,7,0,581.636875
CUST0236,Michael Murphy,15005.95,10,0,517.446551724138
CUST0237,Melinda Jacobs,15539.73,12,0,419.99270270270273
CUST0238,Brittany Walsh,10600.46,9,0,623.5564705882352
CUST0239,Heather Hudson,11149.13,10,0,371.6376666666667
CUST0240,Timothy Morrow,22755.99,13,0,529.2090697674419
CUST0241,Luis Mitchell,14966.62,11,0,440.19470588235293
CUST0242,Rachel Coleman,24167.1,18,0,447.5388888888889
CUST0243,Chad Ray,7226.01,5,0,481.734
CUST0244,Charles Gibbs,15878.7,12,0,429.15405405405403
CUST0245,Courtney Eaton,19130.63,13,0,415.8832608695652
CUST0246,Sierra Thompson,13766.99,11,0,417.18151515151516
CUST0247,Christopher Johnston,10571.84,12,0,422.8736
CUST0248,Oscar Boyer,11794.65,8,0,491.44375
CUST0249,Julie Myers,12280.23,10,0,438.57964285714286
CUST0250,Christopher Bradley,11443.66,9,0,476.81916666666666
CUST0251,Heidi Hawkins,13928.44,10,0,435.26375
CUST0252,Adrian Henry,14639.18,11,0,430.5641176470588
CUST0253,Anthony Valencia,13805.42,9,0,511.3118518518518
CUST0254,Andrew Collins,8487.91,9,0,314.36703703703705
CUST0255,Stacy Barrett,13516.52,9,0,519.8661538461538
CUST0256,Shannon Bright,16694.32,13,0,521.6975
CUST0257,William Gentry,15586.28,10,0,421.25081081081083
CUST0258,Christopher Steele,21071.36,13,0,540.291282051282
CUST0259,Raymond Glenn,23760.26,14,0,528.0057777777778
CUST0260,Cynthia Soto,10394.38,8,0,371.22785714285715
CUST0261,Mark Petty,15572.26,11,0,502.33096774193547
CUST0262,Ann Rhodes,8068.96,7,0,537.9306666666666
CUST0263,Carolyn Wells,17530.0,12,0,531.2121212121212
CUST0264,Gregory Taylor,11580.33,8,0,463.2132
CUST0265,Adam Peters,13457.67,7,0,640.8414285714285
CUST0266,Tyler Barnett,12560.08,8,0,502.4032
CUST0267,Judy Marsh,11869.46,9,0,439.60962962962964
CUST0268,Steven Taylor,20650.06,12,0,590.0017142857142
CUST0269,Sarah Olson,17703.57,11,0,491.7658333333333
CUST0270,Matthew Bowman,17987.99,13,0,513.9425714285715
CUST0271,Katherine Griffin,20448.11,17,0,400.9433333333333
CUST0272,Brett Wright,17456.02,11,0,513.4123529411764
CUST0273,Amy Day,14017.08,13,0,412.2670588235294
CUST0274,Emily Sparks,17388.33,13,0,526.9190909090909
CUST0275,Sherri Silva,19321.41,11,0,585.4972727272727
CUST0276,Michael Estrada,2587.99,4,0,323.49875
CUST0277,Dustin Duffy,7375.86,7,0,320.6895652173913
CUST0278,Sarah Garcia,21585.1,14,0,392.4563636363636
CUST0279,Rachel Brown,6925.43,4,0,432.839375
CUST0280,Elizabeth Martin,8062.27,7,0,383.91761904761904
CUST0281,Kayla Salazar,35536.08,18,0,515.015652173913
CUST0282,Leslie Wilson,12337.98,8,0,560.8172727272728
CUST0283,William Barnes,11748.19,5,0,618.3257894736843
CUST0284,Tiffany Phillips,9442.25,8,0,496.9605263157895
CUST0285,Joann Greer,9348.24,9,0,467.412
CUST0286,Matthew Henderson,14972.57,12,0,404.6640540540541
CUST0287,Susan Frye,9211.02,8,0,484.79052631578946
CUST0288,Michael Smith,16645.89,12,0,387.11372093023255
CUST0289,Laura Henry,9460.27,7,0,450.4890476190476
CUST0290,Beverly Lindsey,6821.57,6,0,401.26882352941175
CUST0291,Michelle Bond,14782.13,11,0,434.7685294117647
CUST0292,Jennifer Mckenzie,12611.01,9,0,485.0388461538462
CUST0293,Michael Hernandez,26749.99,17,0,569.1487234042553
CUST0294,Michael Martin,16389.01,14,0,431.28973684210524
CUST0295,Adam Gordon,18356.95,17,0,399.0641304347826
CUST0296,Shelly Higgins,15520.86,13,0,443.45314285714284
CUST0297,Donna Adams,12971.16,10,0,432.372
CUST0298,Matthew Ball,10630.63,8,0,483.2104545454545
CUST0299,Brian Jordan,11717.89,8,0,404.0651724137931
CUST0300,Kimberly Hernandez,6617.46,5,0,389.26235294117646
CUST0301,Kyle Ochoa,12226.28,11,0,436.65285714285716
CUST0302,Joel Long,9439.29,8,0,393.30375
CUST0303,Adam Orozco,22142.3,13,0,492.0511111111111
CUST0304,Steven Wilson,20839.99,14,0,443.4040425531915
CUST0305,Larry Rivera,15641.04,11,0,434.47333333333336
CUST0306,Jason Cameron,8345.38,9,0,439.23052631578946
CUST0307,William Fields,12013.86,9,0,462.07153846153847
CUST0308,Leah Johnson,10201.4,8,0,485.7809523809524
CUST0309,Timothy Castillo,14076.47,10,0,485.3955172413793
CUST0310,Jeremiah Ritter,21518.7,12,0,478.1933333333333
CUST0311,Cameron Richardson,11136.06,7,0,397.7164285714286
CUST0312,Morgan Wagner,14181.11,11,0,417.09147058823527
CUST0313,Melissa Sanchez,7225.54,6,0,344.0733333333333
CUST0314,Alexandra Lawrence,10449.59,10,0,497.5995238095238
CUST0315,William Reed,10191.12,11,0,377.4488888888889
CUST0316,Kelly Moses,18829.56,11,0,470.739
CUST0317,Patricia Winters,9112.5,7,0,479.60526315789474
CUST0318,Jodi Branch,8474.03,6,0,529.626875
CUST0319,Cindy Morgan,26244.51,20,0,460.43
CUST0320,Carly Wise,16897.61,13,0,444.67394736842107
CUST0321,Ashley Smith,34398.81,18,0,505.8648529411765
CUST0322,Matthew Brown,13139.07,11,0,410.5959375
CUST0323,Victor Holland,14800.58,10,0,493.35266666666666
CUST0324,Katie Holder,6693.3,7,0,267.732
CUST0325,Amanda Pierce,24059.39,13,0,511.901914893617
CUST0326,John Hansen,19664.66,11,0,504.22205128205127
CUST0327,Joshua Myers,10593.02,7,0,423.7208
CUST0328,Brian Smith,16394.57,14,0,482.19323529411764
CUST0329,Erica Carroll,9850.23,7,0,492.5115
CUST0330,Heidi Griffin,21219.16,16,0,451.47148936170214
CUST0331,Laura Brown,13051.09,8,0,466.11035714285714
CUST0332,Daniel Tran,7204.74,8,0,379.19684210526316
CUST0333,Jessica Everett,16923.71,13,0,423.09275
CUST0334,Angela Porter,7253.16,8,0,345.3885714285714
CUST0335,Katie Reed,9386.85,5,0,469.3425
CUST0336,Randy Walker,18333.37,9,0,611.1123333333334
CUST0337,Jason Lyons,16943.47,12,0,394.03418604651165
CUST0338,Penny Roberts,12056.98,7,0,524.2165217391305
CUST0339,Jason Miller,8254.64,7,0,375.21090909090907
CUST0340,Sandra Newton,15213.7,10,0,447.46176470588233
CUST0341,Olivia Kerr,14772.9,12,0,447.6636363636364
CUST0342,David Brown,14563.29,13,0,416.094
CUST0343,Tamara Acosta,11814.2,9,0,454.39230769230767
CUST0344,Nicholas Smith,8905.87,8,0,494.7705555555556
CUST0345,Kristina Washington,15991.71,13,0,444.21416666666664
CUST0346,Rachael Smith,15442.53,12,0,454.1920588235294
CUST0347,Jeanne Bates,20651.45,14,0,491.7011904761905
CUST0348,Joseph Thompson,7206.61,6,0,450.413125
CUST0349,Tracy Freeman,11450.35,9,0,520.4704545454546
CUST0350,Marc Tyler,8255.54,8,0,485.62
CUST0351,Nicholas Donaldson,19970.68,11,0,539.7481081081081
CUST0352,Katherine Gonzalez,22738.37,13,0,483.7951063829787
CUST0353,Sylvia Lyons,20351.0,11,0,550.027027027027
CUST0354,Allen Santos,11445.76,6,0,457.8304
CUST0355,Daniel Harvey,13907.37,10,0,496.6917857142857
CUST0356,Eric Riley,14769.87,10,0,421.9962857142857
CUST0357,Shelly Phillips,8827.96,6,0,551.7475
CUST0358,Tiffany Ibarra,34195.58,16,0,579.5861016949152
CUST0359,Samantha Wilson,18128.75,12,0,477.07236842105266
CUST0360,Richard Lamb,15276.18,13,0,436.4622857142857
CUST0361,Kevin Cannon,18220.88,10,0,506.1355555555556
CUST0362,Benjamin Gross,13590.06,9,0,503.3355555555556
CUST0363,Larry West,10536.03,10,0,363.3113793103448
CUST0364,Elizabeth Powers,14615.51,13,0,429.8679411764706
CUST0365,Nicole Robinson,15217.41,12,0,390.19
CUST0366,Adam Stanley,15483.12,10,0,533.9006896551724
CUST0367,Ryan Perez,25781.73,16,0,468.7587272727273
CUST0368,Jessica Page,21227.45,9,0,530.68625
CUST0369,John Graham,12097.2,11,0,378.0375
CUST0370,Patrick Huang,21807.6,12,0,519.2285714285714
CUST0371,Robin Griffith,18651.9,10,0,490.83947368421053
CUST0372,Tracy Harper,14944.41,10,0,533.7289285714286
CUST0373,Kenneth Roberts,20536.04,13,0,500.8790243902439
CUST0374,Kara Glover,7272.67,9,0,346.3176190476191
CUST0375,Jessica Boyle,21171.39,15,0,460.24760869565216
CUST0376,Scott Casey,16082.29,11,0,487.3421212121212
CUST0377,Angela Thomas,24720.52,14,0,537.4026086956521
CUST0378,Robert Bell,26531.96,17,0,449.6942372881356
CUST0379,Robert Bridges,15734.53,12,0,491.7040625
CUST0380,James Hernandez,26577.31,15,0,501.458679245283
CUST0381,Theresa Morse,10081.29,7,0,504.0645
CUST0382,Kyle Garza,6305.34,5,0,525.445
CUST0383,Vickie Wallace,17735.84,13,0,479.347027027027
CUST0384,Marvin Morales,8954.72,8,0,447.736
CUST0385,Jeffrey Miller,19908.19,16,0,510.46641025641026
CUST0386,Alexandra Harris,24106.45,17,0,430.47232142857143
CUST0387,Larry Fernandez,14110.99,10,0,503.9639285714286
CUST0388,Kristine Harding,16415.47,12,0,469.01342857142856
CUST0389,Patricia Miller,10988.87,8,0,422.64884615384614
CUST0390,Andrea Casey,18486.77,12,0,513.5213888888889
CUST0391,Bradley Jones,13185.87,8,0,573.2986956521739
CUST0392,Danielle Adkins,11848.43,7,0,455.70884615384614
CUST0393,Steven Harrison,7574.69,6,0,541.0492857142857
CUST0394,Jason Hubbard,9625.72,9,0,437.5327272727273
CUST0395,Gregory Moses,9758.05,6,0,513.5815789473684
CUST0396,Jennifer Li,5853.77,6,0,325.20944444444444
CUST0397,Brandon Lowe,11703.1,9,0,508.8304347826087
CUST0398,John Ball,16190.93,10,0,490.6342424242424
CUST0399,Ellen Perez,17271.79,13,0,431.79475
CUST0400,Hector Freeman,7679.52,5,0,511.968
CUST0401,Francisco Small,11905.93,11,0,496.0804166666667
CUST0402,Julie Wilson,13260.18,10,0,442.006
CUST0403,Benjamin Jenkins,10383.16,7,0,451.44173913043477
CUST0404,Calvin Davis,20584.31,12,0,457.4291111111111
CUST0405,Daniel Cruz,10028.38,9,0,371.42148148148146
CUST0406,Laura Brown,20136.29,16,0,447.4731111111111
CUST0407,Danielle Cervantes,19487.11,12,0,512.8186842105263
CUST0408,Brooke Payne,16471.27,11,0,514.7271875
CUST0409,Matthew Martin,15497.97,14,0,397.38384615384615
CUST0410,Eric Hernandez,8377.7,5,0,558.5133333333333
CUST0411,Tyler Murphy,7856.52,8,0,392.826
CUST0412,Elizabeth Riley,19018.74,13,0,514.02
CUST0413,Benjamin Walker,18127.61,10,0,549.3215151515152
CUST0414,Brandon Schultz,11908.57,8,0,595.4285
CUST0415,Megan Sullivan,9356.58,7,0,467.829
CUST0416,Jennifer Brown,11684.45,7,0,417.3017857142857
CUST0417,Jesse Hunt,8210.74,8,0,482.98470588235296
CUST0418,Andrew Parks,13037.83,9,0,465.63678571428574
CUST0419,Sheila Brown,16247.63,12,0,464.218
CUST0420,Brent Dalton,14183.33,10,0,443.2290625
CUST0421,Julia Maxwell,27547.56,14,0,612.168
CUST0422,Rose Booth,15603.4,11,0,520.1133333333333
CUST0423,Melissa Carter,9154.11,10,0,398.0047826086957
CUST0424,Eric Woodard,13763.6,12,0,417.07878787878786
CUST0425,Daniel Jordan,13205.4,9,0,528.216
CUST0426,Kenneth King,13775.62,9,0,529.8315384615385
CUST0427,Deborah Martin,14113.97,8,0,504.0703571428571
CUST0428,Audrey Maldonado,18132.51,12,0,503.68083333333334
CUST0429,Jonathan Decker,10847.89,7,0,542.3945
CUST0430,Sean Wilson,21320.15,14,0,473.7811111111111
CUST0431,Robin Ramirez,10471.16,11,0,361.0744827586207
CUST0432,Nathan Hanson,18173.47,12,0,478.2492105263158
CUST0433,Toni Solis,5169.32,4,0,369.2371428571429
CUST0434,Brenda Landry,15901.07,12,0,467.6785294117647
CUST0435,Steven Hall,21464.31,11,0,550.3669230769231
CUST0436,Kendra Perry,13218.96,10,0,472.10571428571427
CUST0437,Ashley Pierce,9281.6,8,0,386.73333333333335
CUST0438,Victoria Reese,22685.61,15,0,493.1654347826087
CUST0439,Melissa Benson,9979.15,7,0,525.2184210526316
CUST0440,Mary Jordan,14370.57,10,0,598.77375
CUST0441,Kara Williams,13003.72,7,0,481.61925925925925
CUST0442,Brianna Irwin,5736.84,6,0,358.5525
CUST0443,Logan Bishop,4724.03,6,0,337.43071428571426
CUST0444,Sarah Graham,11502.37,10,0,410.7989285714286
CUST0445,April Frazier,15312.23,11,0,425.33972222222224
CUST0446,Craig Johnson,24327.05,16,0,528.8489130434782
CUST0447,Paul Lawson,21062.06,15,0,489.8153488372093
CUST0448,Robert Shaw,12412.47,8,0,459.7211111111111
CUST0449,Caitlin Ellison,19073.89,14,0,489.0741025641026
CUST0450,Sandra Warner,11208.62,10,0,467.0258333333333
CUST0451,Michele Blanchard,16396.46,11,0,482.24882352941177
CUST0452,Gary Rubio,12089.75,10,0,389.991935483871
CUST0453,Darlene Krueger,15703.51,11,0,461.8679411764706
CUST0454,Shannon Chase,14001.57,10,0,518.5766666666667
CUST0455,Whitney Horn,12444.27,8,0,518.51125
CUST0456,Jennifer Parsons,4230.37,5,0,264.398125
CUST0457,William Robinson,22674.67,14,0,539.8730952380953
CUST0458,Jessica Anderson,17834.35,14,0,482.00945945945944
CUST0459,Meagan Bender,12554.46,11,0,358.69885714285715
CUST0460,April Harper,8912.99,5,0,685.6146153846154
CUST0461,Dennis Scott,4698.32,3,0,469.832
CUST0462,Daniel Baker,10011.91,10,0,385.0734615384615
CUST0463,Michael Carpenter,13794.27,7,0,492.6525
CUST0464,Kevin Walker,17064.21,11,0,487.5488571428571
CUST0465,Deanna Hernandez,15031.63,9,0,501.0543333333333
CUST0466,Ashley Moon,12438.34,10,0,428.908275862069
CUST0467,Robert Hunter,15371.44,8,0,495.8529032258065
CUST0468,Ronald Johnson,13137.19,10,0,437.90633333333335
CUST0469,Dana Hale,22450.92,11,0,547.5834146341464
CUST0470,Jeffery Willis,16963.58,13,0,458.47513513513513
CUST0471,Sergio Fletcher,19075.61,9,0,578.0487878787878
CUST0472,Whitney Baker,12739.06,10,0,530.7941666666667
CUST0473,Craig Gonzalez,12892.04,10,0,460.43
CUST0474,Rachel Rose,18936.9,11,0,556.9676470588236
CUST0475,Gabriel Vasquez,14242.54,10,0,406.9297142857143
CUST0476,Regina York,15819.57,11,0,479.3809090909091
CUST0477,Kim Perez,17047.04,12,0,448.6063157894737
CUST0478,Tiffany Ortega,9308.63,10,0,344.7640740740741
CUST0479,Jon Gonzalez,13800.76,7,0,600.0330434782609
CUST0480,Anthony Bonilla,8297.88,8,0,395.13714285714286
CUST0481,Cody Frost,7834.11,7,0,435.22833333333335
CUST0482,Oscar Anderson,18945.68,13,0,451.08761904761906
CUST0483,Cynthia Miller,12610.53,8,0,504.4212
CUST0484,Laurie Sharp,15267.27,10,0,462.64454545454544
CUST0485,Jeffrey Olson,17911.39,11,0,559.7309375
CUST0486,Melissa George,7621.37,6,0,423.40944444444443
CUST0487,Emily Allen,12952.55,9,0,404.7671875
CUST0488,Sarah Briggs,12976.15,7,0,589.825
CUST0489,Tina Wagner,10121.26,10,0,460.05727272727273
CUST0490,Danielle Miranda,12704.68,10,0,508.1872
CUST0491,Kelly Ramos,18376.14,12,0,408.3586666666667
CUST0492,Olivia House,15281.65,10,0,509.3883333333333
CUST0493,Brenda Benton,13699.01,12,0,428.0940625
CUST0494,Brian Hall,17444.94,9,0,498.42685714285716
CUST0495,Craig Rose,15757.34,7,0,656.5558333333333
CUST0496,Sergio Anderson,12559.01,8,0,465.14851851851853
CUST0497,William Farrell,14124.21,7,0,523.1188888888889
CUST0498,Lisa Bowman,16348.37,10,0,467.0962857142857
CUST0499,Cynthia Sullivan,17225.27,13,0,374.4623913043478
CUST0500,Scott Bennett,18354.1,14,0,509.8361111111111
CUST0501,Robert Clark,12870.78,9,0,514.8312
CUST0502,Kyle Stewart,6882.36,6,0,430.1475
CUST0503,Pamela Palmer,5391.55,6,0,336.971875
CUST0504,Elizabeth Sparks,22272.55,15,0,530.2988095238095
CUST0505,Tiffany Rios,13274.28,14,0,414.82125
CUST0506,Michael Mccarty,11094.84,7,0,462.285
CUST0507,Autumn Soto,11854.48,11,0,359.2266666666667
CUST0508,Christopher Wagner,14350.36,10,0,448.44875
CUST0509,Kristen Rodriguez,18510.87,14,0,451.4846341463415
CUST0510,Luis James,16475.97,9,0,484.58735294117645
CUST0511,Kathy Wood,9702.83,6,0,421.8621739130435
CUST0512,Christopher Jones,11772.9,9,0,470.916
CUST0513,Thomas Delacruz,21901.45,12,0,591.9310810810811
CUST0514,Elizabeth Rodriguez,16534.16,9,0,516.6925
CUST0515,Ryan Marshall,9650.77,10,0,482.5385
CUST0516,Rebecca Andrade,3107.96,2,0,517.9933333333333
CUST0517,Elizabeth Henderson,4880.26,5,0,488.026
CUST0518,Emma Green,16037.26,11,0,485.9775757575758
CUST0519,Russell Ellison,19228.04,13,0,480.701
CUST0520,April Trujillo,14152.5,14,0,393.125
CUST0521,Jessica Brown,10219.28,8,0,510.964
CUST0522,Travis Navarro,12836.63,6,0,534.8595833333334
CUST0523,Brittany Bryant,5872.77,7,0,419.48357142857145
CUST0524,Jessica Landry,11720.42,8,0,488.35083333333336
CUST0525,Trevor Anderson,5703.4,5,0,407.3857142857143
CUST0526,Mary Davis,13759.67,12,0,393.13342857142857
CUST0527,Michael Sherman,12290.36,8,0,472.7061538461538
CUST0528,Jessica Johnson,19216.83,11,0,549.0522857142857
CUST0529,Anthony Young,17159.64,12,0,519.9890909090909
CUST0530,Michael Arnold,14749.43,10,0,491.6476666666667
CUST0531,Lisa Martin,9544.98,5,0,561.4694117647059
CUST0532,Kelly Moreno,13863.13,9,0,433.2228125
CUST0533,Stephen Meyer,9555.85,8,0,477.7925
CUST0534,Megan Wilson,11256.24,8,0,402.00857142857143
CUST0535,Debbie Morrison,8169.23,6,0,544.6153333333333
CUST0536,Patrick Brown,13587.0,7,0,485.25
CUST0537,Jacob Snyder,13602.99,11,0,377.86083333333335
CUST0538,Jesse Holland,14484.59,8,0,452.6434375
CUST0539,Daniel Duffy,9491.3,7,0,527.2944444444445
CUST0540,Kevin Jones,14157.75,9,0,488.19827586206895
CUST0541,Luis Hicks,18100.12,12,0,441.4663414634146
CUST0542,Mark Blankenship,14764.97,9,0,461.4053125
CUST0543,Matthew Graves,10983.16,10,0,457.63166666666666
CUST0544,Nicholas Thompson,14240.23,10,0,431.5221212121212
CUST0545,David Armstrong,18022.13,11,0,563.1915625
CUST0546,Sara Baldwin,13093.73,11,0,484.95296296296294
CUST0547,Frank Jackson,22528.38,14,0,536.39
CUST0548,Kristie Moyer,11525.67,9,0,426.87666666666667
CUST0549,Kelly Jimenez,22508.74,14,0,468.9320833333333
CUST0550,Sophia Rodriguez,5549.0,6,0,396.35714285714283
CUST0551,Tiffany Sanders,16271.53,11,0,493.07666666666665
CUST0552,Stacy Wang,3788.18,6,0,236.76125
CUST0553,Travis Nelson,14992.01,13,0,428.3431428571429
CUST0554,Robert Shaw,14865.29,9,0,594.6116
CUST0555,Ryan Benitez,14601.08,10,0,540.7807407407407
CUST0556,Derek Mullins,11619.05,10,0,430.3351851851852
CUST0557,Claudia Lewis,28591.28,19,0,492.95310344827584
CUST0558,Michelle Miller,16913.77,11,0,563.7923333333333
CUST0559,Samantha Smith,16068.91,13,0,434.29486486486485
CUST0560,Timothy Harrison,17296.38,14,0,421.8629268292683
CUST0561,Catherine Brown,17292.14,11,0,540.379375
CUST0562,Adam Williams,16861.51,11,0,562.0503333333334
CUST0563,Jerry Campbell,16894.38,12,0,563.146
CUST0564,Stacey Le,7085.35,7,0,442.834375
CUST0565,Nicole Thompson,15537.58,12,0,501.2122580645161
CUST0566,Kyle Davis,18100.53,11,0,464.11615384615385
CUST0567,Angie Koch,5799.47,4,0,483.2891666666667
CUST0568,Kara Thompson,13873.93,11,0,408.05676470588236
CUST0569,Michele Bryan,12492.35,6,0,594.8738095238095
CUST0570,Alexander Bell,19901.28,11,0,568.608
CUST0571,Cynthia Neal,7388.29,8,0,568.33
CUST0572,Michelle Zimmerman,9032.36,7,0,501.79777777777775
CUST0573,Marvin Davis,16509.64,13,0,500.29212121212123
CUST0574,Allison James,14573.94,11,0,470.12709677419355
CUST0575,Cindy Baker,13081.78,13,0,467.20642857142855
CUST0576,Sean Montgomery,16346.54,10,0,527.3077419354838
CUST0577,Jessica Webb,19453.92,15,0,486.348
CUST0578,Kyle Wright,9879.48,8,0,470.45142857142855
CUST0579,Lauren Gray,8852.8,7,0,465.93684210526317
CUST0580,Kayla Flores,20898.66,13,0,426.50326530612244
CUST0581,Ashley Perry,9756.86,10,0,424.2113043478261
CUST0582,Douglas Williams,16372.2,13,0,419.8
CUST0583,David Monroe,5543.35,6,0,615.9277777777778
CUST0584,Kaitlin Thompson,12512.38,10,0,446.8707142857143
CUST0585,Samantha Levine,15573.74,10,0,556.205
CUST0586,Brent Sanford,16739.01,13,0,440.5002631578947
CUST0587,Brianna Melendez,14735.61,12,0,545.7633333333333
CUST0588,Pamela Herrera,14169.4,8,0,472.31333333333333
CUST0589,Jennifer Rivera,27072.77,18,0,474.9608771929825
CUST0590,Christian Jones,7476.42,7,0,498.428
CUST0591,Susan Powers,11923.11,9,0,411.141724137931
CUST0592,Lisa Thompson,9862.68,8,0,365.28444444444443
CUST0593,Christopher Vargas,13748.49,9,0,491.0175
CUST0594,Alan Rich,17635.8,14,0,489.8833333333333
CUST0595,Bradley Richards,27285.79,17,0,514.8262264150943
CUST0596,James Gonzalez,21050.28,14,0,429.59755102040816
CUST0597,Laura Clayton,5893.78,7,0,346.6929411764706
CUST0598,Lindsey Oneill,13315.24,13,0,403.4921212121212
CUST0599,Raymond Rivera,8754.77,7,0,460.77736842105264
CUST0600,Sean Rios,22713.47,12,0,540.7969047619048
CUST0601,Roberta Walsh,7645.83,7,0,588.1407692307693
CUST0602,Douglas Larsen,13382.0,13,0,495.6296296296296
CUST0603,David Holmes,11625.26,9,0,415.1878571428571
CUST0604,Javier Porter,21085.13,15,0,479.2075
CUST0605,Tiffany Dodson,21969.25,12,0,535.8353658536586
CUST0606,Patrick Barker,26789.29,18,0,505.45830188679247
CUST0607,Ronnie Carter,4912.81,4,0,701.83
CUST0608,Charles Sutton,24613.08,16,0,403.49311475409837
CUST0609,Ronald Phillips,10883.32,10,0,418.58923076923077
CUST0610,David Reynolds,5705.04,7,0,407.5028571428571
CUST0611,Ian Kent,23464.98,17,0,545.6972093023256
CUST0612,Christopher Butler,12302.4,7,0,512.6
CUST0613,Sherri Flores,11551.08,11,0,398.31310344827585
CUST0614,Paula Rodriguez,19508.83,12,0,541.9119444444444
CUST0615,Joseph Bruce,9240.66,7,0,462.033
CUST0616,Laura Rivera,22159.34,11,0,540.4717073170732
CUST0617,Melissa Foster,17201.0,9,0,537.53125
CUST0618,Martha Reynolds,10139.07,8,0,405.5628
CUST0619,Stephanie Stone,12090.81,11,0,525.6873913043478
CUST0620,Vickie Ross,6133.62,7,0,383.35125
CUST0621,Amy Booth,12846.54,11,0,494.0976923076923
CUST0622,Melissa Davis,16622.08,9,0,593.6457142857142
CUST0623,Claudia Forbes,11384.06,8,0,517.4572727272728
CUST0624,Zachary Hampton,16038.37,10,0,553.0472413793103
CUST0625,Michael Contreras,20050.54,14,0,477.3938095238095
CUST0626,Carol Bartlett,17001.31,10,0,500.0385294117647
CUST0627,Carl Olson,6849.71,5,0,526.9007692307692
CUST0628,Jared Hernandez,13534.66,12,0,422.958125
CUST0629,Jennifer Miller,7650.15,5,0,425.0083333333333
CUST0630,Nicholas Taylor,10072.76,8,0,402.9104
CUST0631,Charles Bruce,21769.77,14,0,506.27372093023257
CUST0632,Anita Wilson,20387.14,11,0,536.5036842105263
CUST0633,Todd Goodman,19031.98,11,0,543.7708571428572
CUST0634,Michelle Williams,22099.62,11,0,539.0151219512195
CUST0635,Steven Brown,11510.91,9,0,523.2231818181818
CUST0636,Jeremiah Carr,9522.0,10,0,396.75
CUST0637,Michael Cooper,8912.3,8,0,356.492
CUST0638,Sonya Terry,13296.98,8,0,578.1295652173914
CUST0639,Jack Haynes,28049.2,17,0,475.41016949152544
CUST0640,Gwendolyn Ewing,16647.79,13,0,449.9402702702703
CUST0641,Alexis Huffman,17610.86,13,0,463.4436842105263
CUST0642,Kayla Frost,20010.17,12,0,606.3687878787879
CUST0643,Jonathan Goodman,12474.46,8,0,519.7691666666667
CUST0644,Sarah Nelson,15126.3,8,0,540.225
CUST0645,Juan Patel,14136.84,10,0,523.5866666666667
CUST0646,Stephanie Mclean,12253.53,10,0,422.5355172413793
CUST0647,Alexandria Rocha,15317.14,9,0,494.10129032258067
CUST0648,Melissa Davis,20638.57,11,0,543.1202631578948
CUST0649,Samantha Luna,12880.6,10,0,477.05925925925925
CUST0650,Summer Terry,17669.08,12,0,490.8077777777778
CUST0651,Darrell Mccoy,12556.72,7,0,523.1966666666667
CUST0652,Mike Woods,12193.68,10,0,451.6177777777778
CUST0653,Dean Ware,6999.2,7,0,368.37894736842105
CUST0654,Jeremy Hancock,7601.53,7,0,475.095625
CUST0655,Molly Wood,23045.12,13,0,562.0760975609757
CUST0656,Jason Lee,19486.34,15,0,463.9604761904762
CUST0657,Wendy Gaines,10908.23,9,0,545.4115
CUST0658,Robert Jackson,16707.18,11,0,538.9412903225807
CUST0659,Andrew Russell,6765.45,6,0,375.85833333333335
CUST0660,Mark Roberts,12444.09,10,0,429.10655172413794
CUST0661,Tony Massey,11915.67,9,0,458.295
CUST0662,Deborah White,7378.28,9,0,320.79478260869564
CUST0663,Katrina Murphy,10902.66,10,0,375.9537931034483
CUST0664,Jamie Williams,13603.94,9,0,438.83677419354837
CUST0665,Patrick Kline,8004.97,5,0,421.3142105263158
CUST0666,Leslie Collins,16080.45,9,0,595.5722222222222
CUST0667,Brian Dunn,9664.73,6,0,483.2365
CUST0668,Andrew Wilson,12454.75,7,0,498.19
CUST0669,Angela Le,19765.91,12,0,482.09536585365856
CUST0670,Sherry Cox,19495.08,15,0,433.224
CUST0671,Andrew Le,17070.54,13,0,449.22473684210524
CUST0672,Deborah May,11485.88,11,0,425.402962962963
CUST0673,Amanda Koch,17491.27,12,0,437.28175
CUST0674,Holly Reese,14248.19,11,0,419.0644117647059
CUST0675,Lisa Lopez,10198.25,12,0,392.24038461538464
CUST0676,Samuel Carroll,11389.06,9,0,392.72620689655173
CUST0677,Edward Cervantes,13410.99,12,0,496.7033333333333
CUST0678,Becky Beck,10767.41,12,0,336.4815625
CUST0679,Karen Giles,7392.8,7,0,528.0571428571428
CUST0680,Mark Mcgee,11923.83,11,0,458.6088461538462
CUST0681,Erin Carr,13820.42,10,0,445.82
CUST0682,Jacqueline Harris,12217.03,12,0,381.7821875
CUST0683,Jeffery Copeland,9221.75,6,0,419.17045454545456
CUST0684,Lisa Taylor,13727.56,8,0,549.1024
CUST0685,Stephen Tran,11039.77,9,0,479.99
CUST0686,Howard Foster,19533.26,10,0,527.925945945946
CUST0687,Jennifer Jackson,11771.51,9,0,511.80478260869563
CUST0688,Brian Hamilton,16331.71,12,0,526.8293548387097
CUST0689,William Gutierrez,17066.17,10,0,533.3178125
CUST0690,Kristopher Manning,12896.25,8,0,614.1071428571429
CUST0691,Joseph Johnson,10677.14,8,0,427.0856
CUST0692,Cynthia Cooper,15767.03,11,0,463.73617647058825
CUST0693,Sarah Butler,7866.82,7,0,374.61047619047616
CUST0694,Mary Williams,14808.57,11,0,411.3491666666667
CUST0695,Brian Franklin,19222.46,12,0,533.9572222222222
CUST0696,Lisa Hancock,11493.92,8,0,499.735652173913
CUST0697,Rachel Hill,21420.15,11,0,522.4426829268293
CUST0698,Amanda Young,12003.36,8,0,461.66769230769233
CUST0699,Whitney Jacobs,25554.1,15,0,555.5239130434783
CUST0700,Brian Anderson,16760.66,12,0,478.876
CUST0701,Christina Smith,15506.9,13,0,500.2225806451613
CUST0702,Steven Prince,10228.69,9,0,378.84037037037035
CUST0703,Allison Miller,6644.16,6,0,511.08923076923077
CUST0704,Ronald Kelly,3808.37,3,0,634.7283333333334
CUST0705,Dennis Jones,13924.44,9,0,497.3014285714286
CUST0706,William Chambers,19526.42,13,0,433.92044444444446
CUST0707,Jeffery Pierce,8487.35,5,0,499.25588235294117
CUST0708,Theresa Evans,10212.82,6,0,537.5168421052632
CUST0709,Andrea Case,17311.75,11,0,494.62142857142857
CUST0710,William Savage,20652.84,14,0,503.7278048780488
CUST0711,Jason Ross,14373.19,13,0,399.2552777777778
CUST0712,Linda Lopez,16268.82,12,0,478.49470588235295
CUST0713,Stephen Randolph,16058.34,10,0,553.7358620689655
CUST0714,Emma Miles,10952.17,6,0,456.34041666666667
CUST0715,Catherine Davis,14221.78,8,0,526.7325925925926
CUST0716,Curtis Garcia,2622.62,4,0,291.40222222222224
CUST0717,Richard White,20494.36,14,0,553.9016216216216
CUST0718,Matthew Taylor,17545.25,12,0,501.29285714285714
CUST0719,Jason Bowman,13613.3,14,0,349.05897435897435
CUST0720,Jeffrey Blake,12909.02,8,0,614.7152380952381
CUST0721,Craig Burke,13721.15,8,0,527.7365384615384
CUST0722,Wanda Frey,11786.23,8,0,512.4447826086956
CUST0723,Jeanette Adams,7422.74,6,0,463.92125
CUST0724,Edward Hall,21734.31,11,0,603.7308333333333
CUST0725,Dustin Miller,5890.32,5,0,453.10153846153844
CUST0726,Sonya Martinez,9397.67,8,0,391.56958333333336
CUST0727,Kelly Griffin,17204.48,10,0,521.3478787878788
CUST0728,Jacob Hill,12254.02,9,0,532.7834782608695
CUST0729,Melissa Wilcox,14791.36,9,0,477.1406451612903
CUST0730,Ashley Bennett,12925.07,8,0,461.60964285714283
CUST0731,Eric Atkins,17686.43,12,0,453.49820512820514
CUST0732,Andrea Washington,8489.12,8,0,326.50461538461536
CUST0733,Franklin Steele,14618.65,8,0,471.56935483870967
CUST0734,Karen Clark,12087.05,13,0,402.90166666666664
CUST0735,Christopher Lawson,13705.22,8,0,571.0508333333333
CUST0736,Tracy Wright,11788.85,8,0,589.4425
CUST0737,Jeffrey Jones,11182.97,7,0,486.21608695652174
CUST0738,Sarah Craig,13890.15,9,0,534.2365384615384
CUST0739,Michael Beasley,9272.55,10,0,356.63653846153846
CUST0740,Daniel Flynn,9242.76,6,0,401.8591304347826
CUST0741,Rhonda House,20213.87,15,0,481.28261904761905
CUST0742,Timothy Sparks,15355.16,9,0,529.4882758620689
CUST0743,Samantha Barnett,18788.66,10,0,458.26
CUST0744,Karen Wright,22191.22,17,0,403.47672727272726
CUST0745,Philip White,14735.48,12,0,433.3964705882353
CUST0746,Tony Nelson,20294.41,12,0,534.0634210526316
CUST0747,Mary Roberts,13055.38,10,0,522.2152
CUST0748,Alexa Lopez,17144.18,10,0,519.520606060606
CUST0749,Holly Carroll,7179.99,6,0,478.666
CUST0750,Emily Hernandez,14677.43,10,0,489.24766666666665
CUST0751,Melanie Matthews,12486.55,10,0,462.4648148148148
CUST0752,Scott Boyd,16226.31,12,0,491.7063636363636
CUST0753,Maria Day,17203.36,11,0,464.95567567567565
CUST0754,Ellen Black,2752.7,2,0,458.78333333333336
CUST0755,Michael Riley,10796.33,8,0,415.24346153846153
CUST0756,Rachel Solis,15563.98,11,0,555.8564285714285
CUST0757,Julie Oconnell,19704.24,12,0,480.5912195121951
CUST0758,Susan Davis,9584.3,5,0,599.01875
CUST0759,Jason Sharp,23207.82,14,0,504.5178260869565
CUST0760,Dean Collins,17320.79,10,0,494.8797142857143
CUST0761,Sheila Soto,7496.26,6,0,440.9564705882353
CUST0762,Lucas Ruiz,15865.83,10,0,511.8009677419355
CUST0763,Terri Rivera,9712.41,7,0,422.2786956521739
CUST0764,Heather Barber,13092.18,10,0,467.57785714285717
CUST0765,James Martin,13897.25,9,0,534.5096153846154
CUST0766,Tyler Rivera,22513.01,14,0,489.4132608695652
CUST0767,Theresa Graham,15573.15,9,0,444.94714285714286
CUST0768,Shannon Burns,6085.77,6,0,320.30368421052634
CUST0769,Jared Wilson,14126.27,9,0,504.50964285714286
CUST0770,Brittany Sanchez,24398.01,17,0,451.815
CUST0771,Melissa Fleming,10406.95,11,0,400.26730769230767
CUST0772,Joan Garcia,10221.26,9,0,511.063
CUST0773,Vickie Potter,14175.09,9,0,472.503
CUST0774,David Smith,17646.3,9,0,608.4931034482759
CUST0775,Matthew Chambers,16240.01,11,0,477.64735294117645
CUST0776,Michael Pierce,13258.24,10,0,441.9413333333333
CUST0777,Sherry Gregory,14890.26,11,0,480.33096774193547
CUST0778,Jerome Martin,22004.79,15,0,536.7021951219513
CUST0779,Jonathan Singh,25249.56,17,0,435.33724137931034
CUST0780,Gerald Pearson,17395.68,12,0,561.1509677419355
CUST0781,Anita Johnson,13610.86,11,0,469.34
CUST0782,Katelyn Vazquez,11148.13,8,0,428.77423076923077
CUST0783,Andrew Johnson,14945.34,13,0,393.29842105263157
CUST0784,Wendy Brown,19304.8,11,0,494.9948717948718
CUST0785,Beth Rodriguez,29450.87,14,0,525.9083928571429
CUST0786,Cody Martinez,14898.44,8,0,496.61466666666666
CUST0787,Melissa Jones,19718.05,13,0,458.55930232558137
CUST0788,Teresa Brock,22231.96,13,0,570.0502564102565
CUST0789,Timothy Hughes,5752.52,5,0,479.37666666666667
CUST0790,Anna Gray,13405.44,8,0,478.7657142857143
CUST0791,Jason York,7633.89,6,0,477.118125
CUST0792,Elizabeth Ross,11273.22,6,0,512.4190909090909
CUST0793,David Rogers,18013.99,14,0,474.0523684210526
CUST0794,Cody Sharp,22628.49,15,0,526.2439534883721
CUST0795,Kenneth Mccullough,8924.61,5,0,424.9814285714286
CUST0796,Nicholas Peterson,18180.68,11,0,534.7258823529412
CUST0797,Peter Wright,11271.03,7,0,512.3195454545455
CUST0798,Cynthia Morris,18502.93,11,0,578.2165625
CUST0799,Timothy Combs,11230.53,8,0,534.7871428571428
CUST0800,Erin Townsend,14940.99,13,0,426.8854285714286
CUST0801,James Reynolds,5059.63,8,0,421.6358333333333
CUST0802,Megan Farley,23404.47,14,0,477.6422448979592
CUST0803,Heather Johnson,14612.88,10,0,503.89241379310346
CUST0804,Travis Alvarado,21984.18,15,0,499.64045454545453
CUST0805,Natalie Harris,21640.97,15,0,450.8535416666667
CUST0806,Desiree Ruiz,24809.73,14,0,516.869375
CUST0807,Mary Gallagher,19789.2,10,0,549.7
CUST0808,Holly Smith,14844.57,13,0,463.8928125
CUST0809,Jessica Williams,25571.65,14,0,594.689534883721
CUST0810,Roger Rodriguez,18453.21,11,0,485.61078947368424
CUST0811,Ann Marshall,13498.51,11,0,465.4658620689655
CUST0812,Patricia Howard,19701.12,12,0,458.16558139534885
CUST0813,Brandy Lopez,11820.21,10,0,407.59344827586204
CUST0814,Henry White,23740.85,13,0,539.5647727272727
CUST0815,Dylan Meyer,15828.59,10,0,565.3067857142858
CUST0816,Patrick Snyder,21934.19,13,0,626.6911428571428
CUST0817,Matthew Ramirez,21021.32,12,0,447.26212765957445
CUST0818,Karen Bradshaw,16516.63,10,0,569.5389655172414
CUST0819,Michele Stewart,18156.83,12,0,567.4009375
CUST0820,Christine Velazquez,16536.67,13,0,446.937027027027
CUST0821,Elizabeth Johnson,21175.25,13,0,529.38125
CUST0822,Martin Patel,14348.17,13,0,434.7930303030303
CUST0823,Natasha Cox,3610.69,5,0,300.8908333333333
CUST0824,Erin Jenkins,16104.69,11,0,460.134
CUST0825,Cassandra Smith,14368.33,8,0,513.1546428571429
CUST0826,Zachary Hawkins,8971.75,5,0,560.734375
CUST0827,Aaron Stephens,25709.53,13,0,584.3075
CUST0828,Jack Fernandez,14456.56,13,0,425.1929411764706
CUST0829,David Jenkins,9927.12,10,0,381.8123076923077
CUST0830,Tiffany Martin,13275.06,8,0,474.1092857142857
CUST0831,Penny Craig,8965.91,8,0,389.82217391304346
CUST0832,Brian Campos,17371.74,11,0,542.866875
CUST0833,Christopher Davis,20026.42,11,0,572.1834285714285
CUST0834,James Cooke,9390.57,10,0,469.5285
CUST0835,Angela Mitchell,7867.92,8,0,437.1066666666667
CUST0836,William Todd,19074.97,12,0,501.9728947368421
CUST0837,Sandra Newman,12126.61,7,0,577.457619047619
CUST0838,Denise Brown,16695.08,9,0,505.9115151515152
CUST0839,Amy Garner,14322.48,9,0,477.416
CUST0840,Angela Delgado,12748.55,8,0,490.32884615384614
CUST0841,Tina Garcia,10774.47,10,0,414.4026923076923
CUST0842,Sarah Rasmussen,14130.29,10,0,487.2513793103448
CUST0843,Ryan Montoya,22556.74,15,0,501.26088888888887
CUST0844,Leah Brown,16560.88,11,0,591.46
CUST0845,Juan Henry,14794.87,9,0,462.3396875
CUST0846,Nicole Ford,12101.82,7,0,550.0827272727273
CUST0847,Catherine Smith,6781.71,7,0,423.856875
CUST0848,Misty Goodman,8873.77,8,0,492.9872222222222
CUST0849,Ashley Woods,18110.3,12,0,603.6766666666666
CUST0850,Steven Barker,8066.14,5,0,474.4788235294118
CUST0851,Brian Logan,19098.09,10,0,616.0674193548388
CUST0852,Valerie Conley,11832.41,10,0,455.0926923076923
CUST0853,Jennifer Bates,8272.29,9,0,435.3836842105263
CUST0854,Jesse Callahan,17067.26,13,0,461.2772972972973
CUST0855,Richard Bush,19379.56,12,0,496.9117948717949
CUST0856,Brittany Hill,16957.35,12,0,446.24605263157895
CUST0857,Jeremiah Novak,18940.35,14,0,461.95975609756096
CUST0858,Laura Rodgers,15762.61,11,0,450.36028571428574
CUST0859,Brandi Marshall,14497.71,10,0,604.07125
CUST0860,Tyrone Melton,16240.74,9,0,580.0264285714286
CUST0861,John Hunt,10532.5,6,0,526.625
CUST0862,David Curry,17012.58,12,0,486.0737142857143
CUST0863,Robert Jones,15539.05,13,0,501.25967741935483
CUST0864,Bradley Evans,15957.68,12,0,498.6775
CUST0865,Kelly Wagner,22466.22,12,0,510.5959090909091
CUST0866,David Gonzalez,21005.34,10,0,656.416875
CUST0867,Anne Morales,16813.5,14,0,431.11538461538464
CUST0868,Michael Blevins,12485.03,8,0,480.1934615384615
CUST0869,Brittany Bailey,6435.75,6,0,495.0576923076923
CUST0870,George Hoffman,15515.84,12,0,517.1946666666666
CUST0871,David Strickland,11188.16,7,0,508.5527272727273
CUST0872,Jeff Howell,5937.13,8,0,395.8086666666667
CUST0873,Scott Archer,15512.59,10,0,534.9168965517241
CUST0874,Brianna Kelly,20067.54,15,0,477.79857142857145
CUST0875,Kenneth Wright,20050.11,10,0,572.8602857142857
CUST0876,Angel Collins,16109.56,9,0,519.6632258064516
CUST0877,Donna Johnson,12982.17,8,0,540.92375
CUST0878,Jenna Pierce,4942.08,5,0,353.0057142857143
CUST0879,Alexis Harrison,15354.6,8,0,568.6888888888889
CUST0880,Daniel Mueller,11705.56,8,0,532.0709090909091
CUST0881,Melissa Bryan,17225.93,11,0,453.31394736842105
CUST0882,Michael Diaz,7422.83,8,0,390.67526315789473
CUST0883,Melissa Jacobs,19769.03,12,0,581.4420588235295
CUST0884,Juan Garrett,10248.45,9,0,394.17115384615386
CUST0885,David Jones,7815.81,6,0,411.35842105263157
CUST0886,Kevin Carr,14906.42,8,0,438.42411764705884
CUST0887,Katrina Duke,15220.65,9,0,447.66617647058825
CUST0888,Bridget Price,4422.8,7,0,260.16470588235296
CUST0889,Ruben Sanchez,14635.58,9,0,472.11548387096775
CUST0890,Kevin Davis,8833.17,8,0,490.7316666666667
CUST0891,Michael Foley,9873.47,8,0,429.2813043478261
CUST0892,Ashley Dennis,20268.48,13,0,506.712
CUST0893,Joshua Adams,17413.15,9,0,561.7145161290323
CUST0894,Kimberly Marks,12945.33,11,0,417.5912903225806
CUST0895,Kristen Morales,13053.89,7,0,621.6138095238096
CUST0896,Anthony Kaiser,20746.24,12,0,545.9536842105263
CUST0897,Lindsey Walters,13349.63,9,0,430.6332258064516
CUST0898,Rickey Carter,9480.06,8,0,526.67
CUST0899,Michael Rose,14025.44,8,0,561.0176
CUST0900,Danielle Walker,12812.02,11,0,457.57214285714286
CUST0901,William Hunt,17905.3,13,0,436.71463414634144
CUST0902,Raymond Arellano,12349.63,10,0,411.65433333333334
CUST0903,Jacqueline Davis,15328.91,11,0,510.96366666666665
CUST0904,Michelle Jones,10472.16,8,0,402.7753846153846
CUST0905,Jacqueline Dunn,15040.94,9,0,455.78606060606063
CUST0906,Kent Gardner,9696.56,8,0,404.0233333333333
CUST0907,Andrew Johnson,9086.17,10,0,432.6747619047619
CUST0908,Kimberly Woods,15665.74,14,0,391.6435
CUST0909,Patricia Johnson,26932.64,14,0,538.6528
CUST0910,Heather Perez,8579.8,7,0,504.6941176470588
CUST0911,Elijah Mitchell,16454.02,9,0,483.94176470588235
CUST0912,Ashley Obrien,6251.82,7,0,367.7541176470588
CUST0913,Chad Kaiser,7102.38,9,0,417.78705882352943
CUST0914,Tammy Keller,15787.46,9,0,526.2486666666666
CUST0915,Colleen Sosa,19109.35,12,0,434.3034090909091
CUST0916,Julian Ruiz,19682.37,14,0,468.6278571428571
CUST0917,Kimberly Marshall,7983.12,8,0,399.156
CUST0918,Kimberly Webb,13133.64,12,0,386.28352941176473
CUST0919,Amanda Dawson,23439.11,15,0,478.3491836734694
CUST0920,James Holmes,12068.87,8,0,464.1873076923077
CUST0921,Andrew Rogers,16403.67,14,0,529.1506451612903
CUST0922,Matthew Lucas,22313.7,15,0,464.86875
CUST0923,Brittany Phillips,16970.42,10,0,514.2551515151515
CUST0924,Megan Flynn,16625.51,11,0,554.1836666666667
CUST0925,Joyce Pierce,6238.51,4,0,693.1677777777778
CUST0926,Erik Snyder,11538.81,9,0,480.78375
CUST0927,Steven Humphrey,20970.85,14,0,436.89270833333336
CUST0928,Gregory Allen,18360.07,11,0,459.00175
CUST0929,Sarah Roberts,5605.71,7,0,431.20846153846156
CUST0930,Sabrina Gross,19153.01,13,0,617.8390322580645
CUST0931,Ashley Burton,16441.08,12,0,483.56117647058824
CUST0932,Tyler Cross,21327.47,12,0,463.64065217391305
CUST0933,Megan Garner,11007.72,8,0,440.3088
CUST0934,Brandy Moss,16950.92,13,0,513.6642424242424
CUST0935,Jacqueline Huang,11679.93,9,0,402.7562068965517
CUST0936,Lisa Gray,11092.73,7,0,410.84185185185186
CUST0937,Robin Campbell,15593.59,10,0,458.635
CUST0938,Lisa Ruiz,16407.64,12,0,468.7897142857143
CUST0939,Taylor Smith,6109.61,8,0,290.93380952380954
CUST0940,Karen Bennett,11323.85,10,0,377.46166666666664
CUST0941,Susan Suarez,9591.59,8,0,504.8205263157895
CUST0942,Jacqueline Herring,5686.83,5,0,473.9025
CUST0943,Tammy Burnett,14856.48,10,0,436.95529411764704
CUST0944,Jillian Meyers,19097.84,10,0,578.7224242424243
CUST0945,Douglas Chapman,14503.24,12,0,453.22625
CUST0946,Glenn Allen,13076.19,8,0,502.93038461538464
CUST0947,Holly Perez,13385.15,9,0,495.7462962962963
CUST0948,Michael Flores,23157.16,14,0,463.1432
CUST0949,Matthew Johnson,17677.38,12,0,453.2661538461538
CUST0950,Dylan Zavala,23832.15,14,0,507.06702127659577
CUST0951,Heather Macias,5952.82,7,0,270.58272727272725
CUST0952,Kristina Gaines,17339.86,12,0,433.4965
CUST0953,Michele Greer,12007.83,12,0,387.3493548387097
CUST0954,Stephanie Gibson,19173.71,17,0,491.63358974358977
CUST0955,Alicia Williams,20913.61,13,0,497.9430952380952
CUST0956,Katherine Cox,18083.66,13,0,410.99227272727273
CUST0957,Justin Martin,13134.13,10,0,354.97648648648646
CUST0958,Gina Smith,8417.44,5,0,420.872
CUST0959,Cody Wall,14207.88,12,0,473.596
CUST0960,Jose Bruce,11686.99,9,0,486.9579166666667
CUST0961,Michael White,13369.38,11,0,461.01310344827584
CUST0962,Gerald Ellis,12568.81,9,0,448.8860714285714
CUST0963,Betty Thompson,18200.33,11,0,606.6776666666667
CUST0964,Amanda Gay,16235.99,14,0,416.3074358974359
CUST0965,Joseph Perez,21459.76,13,0,466.51652173913044
CUST0966,Carl Vance,16177.97,8,0,577.7846428571429
CUST0967,Stephanie Robinson,5246.96,6,0,374.78285714285715
CUST0968,Alan Wallace,15993.1,9,0,484.6393939393939
CUST0969,Megan Smith,12407.28,7,0,477.20307692307694
CUST0970,Kimberly Perez,10155.96,8,0,441.56347826086954
CUST0971,Robert Roberson,14761.32,8,0,590.4528
CUST0972,Deanna Steele,14796.56,9,0,448.38060606060606
CUST0973,Susan Jones,16652.69,11,0,489.785
CUST0974,Ian Stone,5211.59,4,0,473.78090909090906
CUST0975,Ann Mitchell,9710.98,8,0,462.42761904761903
CUST0976,Daniel Burton,15524.13,12,0,500.77838709677417
CUST0977,Rebecca Holmes,2994.38,2,0,598.876
CUST0978,Katrina Allison,2882.44,3,0,480.4066666666667
CUST0979,Erin Lee,14214.16,11,0,458.5212903225806
CUST0980,Karen Lee,21867.13,14,0,475.37239130434784
CUST0981,Jamie Dean,7909.68,7,0,465.27529411764704
CUST0982,Richard Flores,11275.55,9,0,352.3609375
CUST0983,Samuel Baker,13006.63,9,0,433.5543333333333
CUST0984,Jennifer Perkins,20648.2,15,0,404.8666666666667
CUST0985,Susan Davis,23988.99,16,0,489.5712244897959
CUST0986,Margaret Collins,21414.49,11,0,648.9239393939393
CUST0987,Jordan Cox,3724.16,4,0,372.416
CUST0988,Ashley Davies,5523.15,5,0,502.1045454545455
CUST0989,James Edwards,22025.16,12,0,579.6094736842106
CUST0990,Hannah Mitchell,17042.77,12,0,516.4475757575758
CUST0991,Jennifer Brandt,6302.56,5,0,450.18285714285713
CUST0992,Kristin Johnson,10234.91,4,0,639.681875
CUST0993,Zachary Duncan,12037.89,8,0,501.57875
CUST0994,Daniel Berger,19334.55,12,0,471.5743902439024
CUST0995,Gloria Sullivan,13855.87,12,0,419.8748484848485
CUST0996,Randy Powell,9756.32,7,0,542.0177777777777
CUST0997,Kyle Ward,9116.35,7,0,414.37954545454545
CUST0998,Cassandra Pearson,17929.28,11,0,459.7251282051282
CUST0999,Carlos Moreno,21653.6,13,0,470.7304347826087
CUST1000,Kendra Cooper,15804.63,10,0,544.9872413793104
